{
  "description": "Optional demo data for testing your Session Reservation System",
  "instructions": "You can manually add this data through Firebase Console or your app UI",
  
  "organizations": [
    {
      "id": "demo-org-001",
      "name": "Demo Sports Club",
      "description": "A sample sports organization for testing",
      "contactEmail": "contact@demosportsclub.com",
      "contactPhone": "+1234567890",
      "address": "123 Demo Street, City, State 12345",
      "isPublished": true,
      "createdAt": "2026-01-10T00:00:00Z"
    }
  ],
  
  "owners": [
    {
      "userId": "REPLACE_WITH_YOUR_AUTH_UID",
      "email": "owner@example.com",
      "name": "Demo Owner",
      "organizationId": "demo-org-001",
      "createdAt": "2026-01-10T00:00:00Z"
    }
  ],
  
  "trainers": [
    {
      "userId": "trainer-001",
      "name": "John Trainer",
      "email": "john@example.com",
      "phone": "+1234567891",
      "bio": "Experienced trainer with 10+ years in the field",
      "specialties": "Strength training, Cardio, Nutrition",
      "organizationId": "demo-org-001",
      "isPublished": true,
      "isApproved": true,
      "profilePicUrl": null,
      "createdAt": "2026-01-10T00:00:00Z"
    },
    {
      "userId": "trainer-002",
      "name": "Sarah Coach",
      "email": "sarah@example.com",
      "phone": "+1234567892",
      "bio": "Certified personal trainer specializing in rehabilitation",
      "specialties": "Rehabilitation, Flexibility, Yoga",
      "organizationId": "demo-org-001",
      "isPublished": true,
      "isApproved": true,
      "profilePicUrl": null,
      "createdAt": "2026-01-10T00:00:00Z"
    }
  ],
  
  "events": [
    {
      "id": "event-001",
      "title": "Morning Cardio Session",
      "description": "High-intensity cardio workout to start your day",
      "trainerId": "trainer-001",
      "organizationId": "demo-org-001",
      "startTime": "2026-01-20T08:00:00Z",
      "endTime": "2026-01-20T09:00:00Z",
      "capacity": "limited",
      "maxCapacity": 15,
      "currentAttendees": 0,
      "location": "Main Gym",
      "eventType": "Group Training",
      "recurrence": "none",
      "createdAt": "2026-01-10T00:00:00Z"
    },
    {
      "id": "event-002",
      "title": "Yoga & Stretching",
      "description": "Relaxing yoga session for all skill levels",
      "trainerId": "trainer-002",
      "organizationId": "demo-org-001",
      "startTime": "2026-01-20T18:00:00Z",
      "endTime": "2026-01-20T19:00:00Z",
      "capacity": "limited",
      "maxCapacity": 20,
      "currentAttendees": 0,
      "location": "Studio A",
      "eventType": "Yoga Class",
      "recurrence": "weekly",
      "createdAt": "2026-01-10T00:00:00Z"
    },
    {
      "id": "event-003",
      "title": "Personal Training",
      "description": "One-on-one training session",
      "trainerId": "trainer-001",
      "organizationId": "demo-org-001",
      "startTime": "2026-01-21T10:00:00Z",
      "endTime": "2026-01-21T11:00:00Z",
      "capacity": "unlimited",
      "maxCapacity": null,
      "currentAttendees": 0,
      "location": "Training Room 1",
      "eventType": "Personal Training",
      "recurrence": "none",
      "createdAt": "2026-01-10T00:00:00Z"
    }
  ],
  
  "settings": {
    "app": {
      "theme": {
        "primaryColor": "#FDB913",
        "secondaryColor": "#F39C12",
        "accentColor": "#FFD700",
        "backgroundImage": null,
        "backgroundOverlay": "rgba(13, 13, 13, 0.75)"
      },
      "updatedAt": "2026-01-10T00:00:00Z"
    }
  },
  
  "notes": {
    "owners": "Replace 'REPLACE_WITH_YOUR_AUTH_UID' with your actual Firebase Auth UID after creating an account",
    "trainers": "These are sample trainers. You'll need to create actual Firebase Auth accounts for them to login",
    "events": "Adjust dates to future dates for testing",
    "bookings": "Bookings will be created when users book through the UI",
    "waitlists": "Waitlists will populate automatically when events are full"
  },
  
  "howToImport": {
    "method1_firebaseConsole": [
      "1. Go to Firestore Database in Firebase Console",
      "2. Create each collection manually",
      "3. Add documents with the data structure above",
      "4. Update timestamps to current dates"
    ],
    "method2_throughUI": [
      "1. Deploy your app",
      "2. Create owner account via signup",
      "3. Create organization through UI",
      "4. Generate invite codes for trainers",
      "5. Trainers sign up with invite codes",
      "6. Create events through trainer dashboard",
      "7. Test public booking flow"
    ]
  }
}
